Title,Synopsis,Genre,Tomatometer,Critic Sentiment,Critic Consensus,Audience Score,Audience Sentiment,Latest Episode Date,Creator,Executive Producers,Cast Members
The Nurse,Unknown,Unknown,Unknown,Unknown,Unknown,Unknown,Unknown,Latest Episode: Apr 27,Unknown,Unknown,Unknown
Rough Diamonds,"When a man sends his family's empire into crushing debt, his estranged brother returns to Antwerp's diamond district to pick up the pieces.",Crime,Unknown,Unknown,,87,positive,Latest Episode: Apr 21,Unknown,"Pieter Van Huyck, Ivy Vanhaecke, Atar Dekel, Avi Nir","Kevin Janssens, Ini Massez, Robbie Cleiren, Dudu Fisher, Yona Elian"
Shooter,"Based on the best-selling novel ""Point of Impact"" by Stephen Hunter, and the 2007 feature film starring Mark Wahlberg, the series stars Ryan Phillippe (""Secrets and Lies"") and follows the courageous journey of Bob Lee Swagger, a highly-decorated ex-Marine sniper who is coaxed back into action after he learns about a plot to kill the president. When Swagger's former commanding officer Isaac Johnson, played by Omar Epps (""House""), solicits his expertise in a clandestine operation, Swagger re-emerges from exile only to discover that he is inextricably involved in a disastrous operation with ties to his past.",Crime,Unknown,Unknown,,75,positive,Unknown,Unknown,"Mark Wahlberg, Stephen Levinson, Lorenzo di Bonaventura, John Hlavin, Dan McDermott","Ryan Phillippe, Omar Epps, Shantel VanSanten, Cynthia Addai-Robinson, Jesse Bradford"
Workin' Moms,Unknown,Unknown,Unknown,Unknown,Unknown,74,positive,Latest Episode: Mar 28,Unknown,Unknown,Unknown
The Marked Heart,A story about the dangerous world of organ trafficking.,Crime,Unknown,Unknown,,50,negative,Latest Episode: Apr 19,Leonardo Padrón,,"Michel Brown, Ana Lucía Dominguez, Sebastián Martínez, Margarita Muñoz, Moisés Arizmendi"
Chimp Empire,"A vast community of chimpanzees thrives in a Ugandan forest, navigating complex social politics, family dynamics and territorial disputes.",Documentary,Unknown,Unknown,,100,positive,Latest Episode: Apr 19,Unknown,Matt Cole,Mahershala Ali
Ash vs Evil Dead,"Ash is baaaack! Bruce Campbell reprises his ""Evil Dead"" film role as heroic, chainsaw-handed monster fighter Ash Williams, now an aging lothario who has successfully avoided responsibility, maturity and heinous villains for the past 30 years. Constantly peering over his shoulder, Ash somehow knew that the Evil Dead would return for him. That day arrives when Ash commits an act of carelessness, unleashing a Deadite plague that threatens to destroy mankind. Co-starring in the half-hour series are Lucy Lawless as mysterious Ruby; Ray Santiago as Ash's loyal sidekick, Pablo Simon Bolivar; and Dana DeLorenzo as moody wild child Kelly Maxwell.",Horror,99,positive,"Ash vs Evil Dead's third and final season rounds out the amiable ensemble with welcome additions and dishes out a series of splatter-filled set pieces, closing the Necronomicon on the series in gleeful fashion.",95,positive,Unknown,Unknown,"Sam Raimi, Rob Tapert, Bruce Campbell, Craig DiGregorio","Bruce Campbell, Lucy Lawless, Ray Santiago, Dana DeLorenzo, Jill Marie Jones"
Derry Girls,"Set against the backdrop of the Northern Ireland Troubles, this comedy series follows a group of friends as they navigate their teens in the early 1990s.",Comedy,99,positive,"Parting is such sweet sorrow, but Derry Girls' final season promises to milk as many laughs as it can before viewers say a fond farewell to this lovable band of miscreants. ",94,positive,Unknown,Unknown,Caroline Leddy,"Saoirse-Monica Jackson, Louisa Harland, Ian McElhinney, Kathy Kiera Clarke, Nicola Coughlan"
Big Mouth,"Even for a cartoon character, going through puberty isn't easy for a young person. Andrew is learning that first hand as he experiences the nightmare that is growing up in this animated series geared toward adults. Along for the ride are friends Nick and Jessi, who develop a budding romance along the way. The comedy veterans who lend their voices to ""Big Mouth"" include John Mulaney, Nick Kroll, Maya Rudolph and Jordan Peele.",Comedy,99,positive,,74,positive,Unknown,"Nick Kroll,","Nick Kroll, Andrew Goldberg, Mark Levin, Jennifer Flackett","Nick Kroll, John Mulaney, Jessi Klein, Jason Mantzoukas, Fred Armisen"
Better Call Saul,"He wasn't always Saul Goodman, ace attorney for chemist-turned-meth dealer Walter White. Six years before he begins to represent Albuquerque's most notorious criminal, Goodman is Jimmy McGill, a small-time attorney hustling to make a name for himself. He's a forceful champion for his low-income clients, an underdog whose morals and ambitions often clash. Jimmy works with private eye Mike Ehrmantraut, a former Philadelphia cop and recent transplant to the Southwest. Mike has a specialized skill set -- he's a ""fixer"" of sticky situations -- that Jimmy soon learns to appreciate.",Drama,98,positive,"Better Call Saul remains as masterfully in control as Jimmy McGill keeps insisting he is in this final season, where years of simmering storytelling come to a scintillating boil.",96,positive,Unknown,Unknown,"Vince Gilligan, Peter Gould, Mark Johnson, Melissa Bernstein, Thomas Schnauz, Diane Mercer, Gordon Smith, Alison Tatlock, Ann Cherkis, Bob Odenkirk, Princess Nash, Jenn Carroll, Trina Siopy, Alecia Weaver","Bob Odenkirk, Jonathan Banks, Michael Mando, Patrick Fabian, Rhea Seehorn"
Unbelievable,"When a teen reports being raped, then recants her story, two female detectives follow evidence that could reveal the truth; based on a true story.",Crime,98,positive,"Heartbreaking and powerful, Unbelievable transcends familiar true-crime beats by shifting its gaze to survivors of abuse, telling their stories with grace and gravity.",89,positive,Unknown,Unknown,"Susannah Grant, Sarah Timberman, Carl Beverly, Lisa Cholodenko, Ayelet Waldman, Michael Chabon, Katie Couric, Richard Tofel, Neil Barsky, Robyn Semien","Kaitlyn Dever, Toni Collette, Merritt Wever"
Beef,Two strangers get into a road rage incident that brings chaos into their lives.,Comedy,98,positive,"Ali Wong and Steven Yeun are a diabolically watchable pair of adversaries in Beef, a prime cut comedy that finds the pathos in pettiness.",86,positive,Latest Episode: Apr 06,Lee Sung-jin,"Lee Sung-jin, Ali Wong, Steven Yeun, Jake Schreier","Steven Yeun, Ali Wong, Joseph Lee, Young Mazino, David Choe"
I Think You Should Leave With Tim Robinson,"Actor Tim Robinson stars in this sketch comedy series -- which he also co-created -- that sees him trying to get people to go away. In each segment, Robinson and his guests do whatever they can to try to drive someone to the point that they need -- or desperately want -- to leave. Robinson spent several years as a writer on ""Saturday Night Live,"" so it's not a surprise that the show's roster of guest stars includes a number of SNL alumni. Among them are Andy Samberg, Will Forte, Vanessa Bayer and Cecily Strong.",Comedy,98,positive,,71,positive,Unknown,Unknown,,Tim Robinson
Mindhunter,"Catching a criminal often requires the authorities to get inside the villain's mind to figure out how he thinks. That's the job of FBI agents Holden Ford and Bill Tench. They attempt to understand and catch serial killers by studying their damaged psyches. Along the way, the agents pioneer the development of modern serial-killer profiling. The crime drama has a strong pedigree behind the camera, with Oscar-nominated director David Fincher and Oscar-winning actress Charlize Theron among the show's executive producers.",Crime,97,positive,"Mindhunter expands its narrative horizons without losing sight of the details that made its first season so rich, crafting a chilling second season that is as unsettling as it is utterly absorbing.",95,positive,Unknown,Joe Penhall,"David Fincher, Joshua Donen, Charlize Theron, Ceán Chaffin","Jonathan Groff, Holt McCallany, Anna Torv, Joe Tuttle, Stacey Roca"
Kingdom,"Alvery Kulina, the owner of a mixed martial arts gym, develops the next generation of fighters including his sons Jay and Nate while struggling to keep the business afloat.",Drama,97,positive,,91,positive,Unknown,Unknown,"Byron Balasco, Bart Peters","Frank Grillo, Kiele Sanchez, Matt Lauria, Jonathan Tucker, Nick Jonas"
The Good Place,"When Eleanor Shellstrop finds herself in the afterlife, she's both relieved and surprised that she's made it into the Good Place. But it doesn't take long for Eleanor to realize she's there by mistake. She hides in plain sight from the Good Place's architect, Michael, and his all-knowing assistant, Janet. Her seemingly perfect neighbors, Tahani and Jason, and open-hearted soul mate, Chidi, help her realize that it's never too late to change. With the help of her new friends -- and a few enemies -- Eleanor becomes determined to shed her old way of life in hopes of discovering a new one in the afterlife.",Comedy,97,positive,"A wild philosophical ride to the very end, The Good Place brings it home with a forking good final season.",89,positive,Unknown,Michael Schur,David Miner,"Kristen Bell, Ted Danson, William Jackson Harper, Jameela Jamil, D'Arcy Carden"
Lupin,"A retelling of the classic French story about Arsène Lupin, the world-famous gentleman thief and master of disguise.",Drama,97,positive,"Smart, sexy, and stylish, Lupin's highly bingeable second season is perfect summer viewing.",79,positive,Unknown,Unknown,,"Omar Sy, Ludivine Sagnier, Clotilde Hesme, Nicole Garcia, Hervé Pierre"
Russian Doll,"Emmy-nominated actress Natasha Lyonne stars in this comedy-drama series as Nadia, a young woman who is on a journey to be the guest of honor at a party in New York City. But she gets caught in a mysterious loop as she repeatedly attends the same event and dies at the end of the night each time -- only to awaken the next day unharmed as if nothing had happened. In addition to starring, Lyonne co-created the show with ""Saturday Night Live"" alum Amy Poehler and serves as a writer and director for the Netflix original series.",Comedy,97,positive,"Not all of Russian Doll's gambles pay off in this ambitious and thrillingly audacious second season, but the show's willingness to take risks is often its own reward.",78,positive,Unknown,"Natasha Lyonne,","Natasha Lyonne, Amy Poehler, Leslye Headland","Natasha Lyonne, Charlie Barnett, Greta Lee, Annie Murphy, Chloë Sevigny"
Hellbound,"Unearthly beings deliver condemnations, sending individuals to hell and giving rise to a religious group founded on the idea of divine justice.",Crime,97,positive,"Summoned by the devilish imagination of writer-director Yeon Sang-ho, Hellbound leverages its terrifying concept to thoughtfully explore human fallibility.",70,positive,Unknown,Unknown,,"Yoo Ah-in, Kim Hyun-joo, Won Jin-a, Park Jung-min, Yang Ik-joon"
Breaking Bad,"Mild-mannered high school chemistry teacher Walter White thinks his life can't get much worse. His salary barely makes ends meet, a situation not likely to improve once his pregnant wife gives birth, and their teenage son is battling cerebral palsy. But Walter is dumbstruck when he learns he has terminal cancer. Realizing that his illness probably will ruin his family financially, Walter makes a desperate bid to earn as much money as he can in the time he has left by turning an old RV into a meth lab on wheels.",Crime,96,positive,"Breaking Bad's final season cements its status as one of television's great series, propelling its narrative to an explosive conclusion with sharp direction and assured storytelling.",97,positive,Unknown,Vince Gilligan,"Vince Gilligan, Mark Johnson","Bryan Cranston, Aaron Paul, Anna Gunn, RJ Mitte, Dean Norris"
The Queen's Gambit,Unknown,Unknown,96,positive,Unknown,94,positive,Unknown,Unknown,Unknown,Unknown
Unbreakable Kimmy Schmidt,"Rescued after 15 years in a cult, Kimmy Schmidt decides to reclaim her life by venturing to New York, where she experiences everyday life with wide-eyed enthusiasm. On a whim, she rents a room from Titus, a gay wannabe Broadway actor, who makes ends meet as a street performer in Times Square. The unlikely pair find they're well-suited to help each other out, with Titus reintroducing Kimmy to modern life, and her providing him with the inspiration that you should never give up. Together they'll make it through whatever life throws at them.",Comedy,96,positive,Unbreakable Kimmy Schmidt ends with a final season that's as topical as it is cheerily irreverent.,83,positive,Unknown,"Tina Fey,","Tina Fey, Robert Carlock, Jeff Richmond, David Miner, Sam Means","Ellie Kemper, Tituss Burgess, Jane Krakowski, Carol Kane, Lauren Adams"
Unorthodox,"A woman flees an arranged marriage in Brooklyn to start a new life abroad, then her past catches up to her.",Drama,96,positive,"Unorthodox adapts its source material with extreme care, crafting a series that is at once intimate and urgent, all centered around Shira Haas' captivating performance.",82,positive,Unknown,Unknown,,"Shira Haas, Amit Rahav, Jeff Wilbusch, Aaron Altaras, Tamar Amit-Joseph"
Dark,"When two children go missing in a small German town, its sinful past is exposed along with the double lives and fractured relationships that exist among four families as they search for the kids. The mystery-drama series introduces an intricate puzzle filled with twists that includes a web of curious characters, all of whom have a connection to the town's troubled history -- whether they know it or not. The story includes supernatural elements that tie back to the same town in 1986. ""Dark"" represents the first German original series produced for Netflix.",Mystery thriller,95,positive,"Dark's final chapter is as thrilling as it is bewildering, bringing viewers full circle without sacrificing any of the show's narrative complexities.",94,positive,Unknown,Unknown,,"Oliver Masucci, Karoline Eichhorn, Jördis Triebel, Louis Hofmann, Maja Schöne"
Attack on Titan,"When man-eating Titans first appeared 100 years ago, humans found safety behind massive walls that stopped the giants in their tracks. But the safety they have had for so long is threatened when a colossal Titan smashes through the barriers, causing a flood of the giants into what had been the humans' safe zone. During the carnage that follows, soldier Eren Jaeger sees one of the creatures devour his mother, which leads him to vow that he will kill every Titan. He enlists some friends who survived to help him, and that group is humanity's last hope for avoiding extinction at the hands of the monsters.",Adventure,95,positive,,94,positive,Latest Episode: Mar 04,Unknown,,"Yûki Kaji, Yui Ishikawa, Marina Inoue, Kisho Taniyama, Yu Shimamura"
Sex Education,"Socially awkward high school student Otis may not have much experience in the lovemaking department, but he gets good guidance on the topic in his personal sex ed course -- living with mom Jean, who is a sex therapist. Being surrounded by manuals, videos and tediously open conversations about sex, Otis has become a reluctant expert on the subject. When his classmates learn about his home life, Otis decides to use his insider knowledge to improve his status at school, so he teams with whip-smart bad girl Maeve to set up an underground sex therapy clinic to deal with their classmates' problems. But through his analysis of teenage sexuality, Otis realizes that he may need some therapy of his own.",Comedy,95,positive,"With a seemingly endless desire to dive deeper into its characters paired perfectly with its talented ensemble, Sex Education's third season is a masterclass in brutally honest, brilliantly heartfelt comedy.",92,positive,Unknown,Laurie Nunn,"Jamie Campbell, Ben Taylor, Laurie Nunn","Asa Butterfield, Gillian Anderson, Emma Mackey, Ncuti Gatwa, Connor Swindells"
Top Boy,"This drama takes viewers into the housing estates of East London. There is tension between the drug gangs that operate almost openly and those who strive to live honest lives against the odds in the crime-riddled area. That tension is explored through the interlocking stories of 20-something drug dealer Dushane, who is determined to become the area's Top Boy, and good-natured but vulnerable teenager Ra'Nell, who is forced to grow up quickly following his mother's breakdown and enforced absence. The program combines elements of a tense gangster thriller with subtle social realism, some tenderness, innocence and humor.",Drama,95,positive,,87,positive,Unknown,Unknown,,"Kane Robinson, Ashley Walters, Shone Romulus, Micheal Ward, Simbi Ajikawo"
Squid Game,"Hundreds of cash-strapped contestants accept an invitation to compete in children's games for a tempting prize, but the stakes are deadly.",Drama,95,positive,"Squid Game's unflinching brutality is not for the faint of heart, but sharp social commentary and a surprisingly tender core will keep viewers glued to the screen - even if it's while watching between their fingers.",84,positive,Unknown,Hwang Dong-hyuk,,"Lee Jung-jae, Park Hae-soo, Oh Yeong-su, Wi Ha-joon, Jung Ho-Yeon"
Sweet Tooth,"On a perilous adventure in a post-apocalyptic world, a boy who's half-human and half deer searches for a new beginning with a gruff protector.",Drama,95,positive,,83,positive,Latest Episode: Apr 27,Unknown,"Jim Mickle, Robert Downey Jr., Susan Downey, Amanda Burrell, Linda Moran","Christian Convery, Nonso Anozie, Adeel Akhtar, Stefania LaVie Owen, Dania Ramirez"
Vikings: Valhalla,Unknown,Unknown,95,positive,Unknown,57,negative,Unknown,Unknown,Unknown,Unknown
Cobra Kai,"Thirty four years after events of the 1984 All Valley Karate Tournament, a down-and-out Johnny Lawrence seeks redemption by reopening the infamous Cobra Kai dojo, reigniting his rivalry with a now successful Daniel LaRusso.",Comedy,94,positive,"Deftly managing an expanded roster of punchy personalities, Cobra Kai graduates to a black belt proficiency in heartfelt melodrama and sly humor.",92,positive,Unknown,Unknown,"Josh Heald, Jon Hurwitz, Hayden Schlossberg, James Lassiter, Caleeb Pinkett","Ralph Macchio, William Zabka, Courtney Henggeler, Xolo Maridueña, Tanner Buchanan"
Castlevania,"Inspired by the popular video game series, this anime series is a dark medieval fantasy. It follows the last surviving member of the disgraced Belmont clan, Trevor Belmont, trying to save Eastern Europe from extinction at the hands of Vlad Dracula Tepes. As Dracula and his legion of vampires prepare to rid the world of humanity's stain, Belmont is no longer alone, and he and his misfit comrades race to find a way to save mankind from the grief-maddened Dracula.",Action,94,positive,"A rewarding experience and bittersweet farewell, Castlevania's fourth season is a triumphant conclusion to an expertly crafted series.",89,positive,Unknown,Unknown,"Warren Ellis, Kevin Kolde, Fred Seibert, Adi Shankar","Richard Armitage, James Callis, Alejandra Reynoso, Jessica Brown Findlay, Rila Fukushima"
Maid,"Single mother Alex turns to housecleaning to make ends meet as she escapes an abusive relationship and overcomes homelessness to create a better life for her daughter, Maddy.",Drama,94,positive,"Maid takes great care with its sensitive subject matter to craft a drama that is not always easy to watch, but undeniably powerful, grounded by an outstanding performance by Margaret Qualley.",85,positive,Unknown,Molly Smith Metzler,"John Wells, Molly Smith Metzler, Margot Robbie, Tom Ackerley, Brett Hedblom, Stephanie Land, Erin Jontow","Margaret Qualley, Nick Robinson, Anika Noni Rose, Tracy Vilar, Billy Burke"
Transatlantic,"Transatlantic is inspired by the true story of Varian Fry, Mary Jayne Gold and the Emergency Rescue Committee. Risking their lives to help more than 2000 refugees escape occupied France, including many artists on the Nazis’ most-wanted list, an international gang of young superheroes and their famous charges occupy a villa at the edge of the city, where the threat of mortal danger gives way to unexpected collaborations and intense love affairs.",History,94,positive,"Ably dramatizing a deadly serious chapter of World War II history while also remembering to have fun, Transatlantic is a visually sumptuous throwback to classic Hollywood melodramas. ",74,positive,Latest Episode: Apr 07,"Anna Winger,","Anna Winger, Julie Orringer, Camille McCurry","Cory Michael Smith, Gillian Jacobs, Lucas Englander, Deleila Piasko, Corey Stoll"
BoJack Horseman,"A humanoid horse, BoJack Horseman -- lost in a sea of self-loathing and booze -- decides it's time for a comeback. Once the star of a '90s sitcom, in which he was the adoptive father of three orphaned kids (two girls and a boy). The show was the hottest thing around, then suddenly, was canceled. Now 18 years later, BoJack wants to regain his dignity. With the aid of a human sidekick and a feline ex-girlfriend who is his agent, he sets out to make it happen. But Hollywood is vastly different from those days, and getting used to stuff like Twitter may take some time. This first animated series from Netflix -- with plenty of references to sex, drugs and alcohol -- is not for the little ones.",Comedy,93,positive,"Bittersweet and brilliant to the very end, BoJack Horseman's final season manages to keep surprising viewers with its empathy and depth, solidifying its place as one of TV's greatest offerings.",95,positive,Unknown,Unknown,"Steven A. Cohen, Noel Bright, Will Arnett, Aaron Paul, Raphael Bob-Waksberg","Will Arnett, Amy Sedaris, Alison Brie, Aaron Paul, Paul F. Tompkins"
Peaky Blinders,"Britain is a mixture of despair and hedonism in 1919 in the aftermath of the Great War. Returning soldiers, newly minted revolutions and criminal gangs are fighting for survival in a nation rocked by economic upheaval. One of the most powerful gangs of the time is the Peaky Blinders, run by returning war hero Thomas Shelby and his family. But Thomas has bigger ambitions than just running the streets. When a crate of guns goes missing, he recognizes an opportunity to advance in the world because crime may pay but legitimate business pays better. Trying to rid Britain of its crime is Inspector Chester Campbell, who arrives from Belfast to try to achieve that goal.",History,93,positive,Peaky Blinders' sixth season gracefully addresses the untimely passing of star Helen McCrory while setting the stage for a fitting climax to this epic saga of likable scalawags.,93,positive,Unknown,Unknown,,"Cillian Murphy, Natasha O'Keeffe, Paul Anderson, Sophie Rundle, Finn Cole"
The Haunting of Hill House,"This modern reimagining of the Shirley Jackson novel follows siblings who, as children, grew up in what would go on to become the most famous haunted house in the country.. Now adults, they are forced back together in the face of tragedy and must finally confront the ghosts of their past. Some of those ghosts still lurk in their minds, while others may actually be stalking the shadows of Hill House. The ensemble cast includes Oscar winner Timothy Hutton, Carla Gugino and Henry Thomas. Mike Flanagan, a veteran of the horror genre, created the series.",Drama,93,positive,The Haunting of Hill House is an effective ghost story whose steadily mounting anticipation is just as satisfying as its chilling payoff.,91,positive,Unknown,Mike Flanagan,"Mike Flanagan, Trevor Macy, Meredith Averill, Justin Falvey, Darryl Frank","Michiel Huisman, Carla Gugino, Timothy Hutton, Elizabeth Reaser, Oliver Jackson-Cohen"
The Kominsky Method,"He may be in his twilight years, but aging acting coach Sandy Kominsky isn't ready to ride off into the sunset just yet. The once-famous Kominsky and his longtime agent, Norman Newlander, keep each other laughing as they tackle the curveballs that life throws at them while navigating their later years in Los Angeles, a city that values youth and beauty. The Netflix original sitcom has a strong Hollywood pedigree; it was created by multiple Emmy winner Chuck Lorre and stars Oscar winners Michael Douglas and Alan Arkin as Kominsky and Newlander, respectively.",Comedy,93,positive,,88,positive,Unknown,Chuck Lorre,"Chuck Lorre, Al Higgins, Michael Douglas","Michael Douglas, Sarah Baker, Nancy Travis, Kathleen Turner, Graham Rogers"
Bodyguard,"War veteran David Budd finds work as a police sergeant with London's Metropolitan Police Service, in the Royalty and Specialist Protection branch. He is assigned to protect the home secretary, the Rt. Hon. Julia Montague MP, a controversial and ambitious politician who is described as ""the sociopath"" by one of her aides, and who has plans to introduce invasive new surveillance powers for security forces. Finding himself increasingly at odds with Montague's policies and personality, and dealing with physical and psychological scars from his time serving in Afghanistan, volatile Budd is torn between his beliefs and his duty to protect.",Drama,93,positive,Bodyguard maintains a palpable tension throughout its pulpy proceedings to create an absorbing and addicting psychological thriller.,84,positive,Unknown,Unknown,,"Richard Madden, Keeley Hawes, Sophie Rundle, Pippa Haywood, Paul Ready"
Cabinet of Curiosities,An anthology of sinister stories told by revered horror creators.,Horror,93,positive,Horror maestro Guillermo del Toro lends his household name to a collection of spooky tales directed by genre veterans and promising newcomers -- with each curious trinket adding up to a treasure trove of gothic storytelling. ,72,positive,Unknown,Guillermo del Toro,"Guillermo del Toro, J. Miles Dale, Gary Ungar",Guillermo del Toro
Supernatural,"This haunting series follows the thrilling yet terrifying journeys of Sam and Dean Winchester, two brothers who face an increasingly sinister landscape as they hunt monsters. After losing their mother to a supernatural force, the brothers were raised by their father as soldiers who track mysterious and demonic creatures. Violent memories and relationship-threatening secrets add additional burdens on Sam and Dean as they investigate all things that go bump in the night. As old tricks and tools are rendered useless and friends betray them, the brothers must rely on each other as they encounter new enemies.",Drama,93,positive,,72,positive,Unknown,Unknown,"Jeremy Carver, Robert Singer, Phil Sgriccia, Adam Glass","Jared Padalecki, Jensen Ackles, Misha Collins, Alexander Calvert, Mark Sheppard"
The 100,"When nuclear Armageddon destroys civilization on Earth, the only survivors are those on the 12 international space stations in orbit at the time. Three generations later, the 4,000 survivors living on a space ark of linked stations see their resources dwindle and face draconian measures established to ensure humanity's future. Desperately looking for a solution, the ark's leaders send 100 juvenile prisoners back to the planet to test its habitability. Having always lived in space, the exiles find the planet fascinating and terrifying, but with the fate of the human race in their hands, they must forge a path into the unknown.",Drama,93,positive,,67,positive,Unknown,Unknown,"Jason Rothenberg, Leslie Morgenstein","Eliza Taylor, Paige Turco, Bob Morley, Marie Avgeropoulos, Lindsey Morgan"
Lockwood & Co.,Unknown,Unknown,92,positive,Unknown,94,positive,Unknown,Unknown,Unknown,Unknown
Stranger Things,"Mysteries unravel in a small Midwestern town in the 1980s, involving supernatural forces, secret experiments and one strange girl.",Drama,92,positive,"Darker and denser than its predecessors, Stranger Things' fourth chapter sets the stage for the show's final season in typically bingeworthy fashion.",90,positive,Unknown,Unknown,"Matt Duffer, Ross Duffer, Shawn Levy, Dan Cohen","Winona Ryder, David Harbour, Millie Bobby Brown, Finn Wolfhard, Gaten Matarazzo"
Criminal: UK,Unknown,Unknown,92,positive,Unknown,90,positive,Unknown,Unknown,Unknown,Unknown
From Scratch,An American woman loves and loses a Sicilian man she meets in Italy.,Drama,92,positive,"By turns a buoyant and wistful romance, From Scratch is an emotionally resonant miniseries that benefits from its Italian scenery and Zoe Saldaña's considerable dramatic chops.",86,positive,Unknown,Unknown,"Zoe Saldana, Reese Witherspoon, Lauren Levy Neustadter, Tembi Locke, Attica Locke, Richard Abate, Jermaine Johnson, Will Rowbotham, Nzingha Stewart","Zoe Saldana, Eugenio Mastrandrea, Danielle Deadwyler, Keith David, Kellita Smith"
Tribes of Europa,"In 2070, three siblings set out to change the fate of Europe after a global catastrophe fractures it into countless micro-states fighting for dominance.",Sci fi,92,positive,"Grounded by compelling characters, Tribes of Europa is an earnest fantasy series that will satisfy fans of imaginative dystopias.",78,positive,Unknown,Philip Koch,,"Emilio Sakraya, Henriette Confurius, David Ali Rashed"
You,"What would you do for love? For a brilliant male bookstore manager who crosses paths with an aspiring female writer, this question is put to the test. A charming yet awkward crush becomes something even more sinister when the writer becomes the manager's obsession. Using social media and the internet, he uses every tool at his disposal to become close to her, even going so far as to remove any obstacle -- including people -- that stands in his way of getting to her.",Drama,92,positive,"The hunter becomes prey in You's London-set fourth season, which shows some wear as this premise begins to outlive its believability -- but Penn Badgley's sardonic performance continues to paper over most lapses in logic. ",73,positive,Latest Episode: Mar 09,Unknown,"Greg Berlanti, Sera Gamble, Sarah Schechter, Leslie Morgenstein, Gina Girolamo, Marcos Siega","Penn Badgley, Tati Gabrielle, Charlotte Ritchie, Lukas Gage, Tilly Keeper"
Stay Close,"The lives of a photojournalist, a soccer mom and a homicide detective are impacted by a terrible event from the past.",Crime,92,positive,,53,negative,Unknown,Harlan Coben,,"Bethany Antonia, Richard Armitage, Daniel Francis, Jo Joyner, Cush Jumbo"
The Last Kingdom,"As a child, Uhtred witnessed his father being killed and the Saxon army defeated by invading troops. Danish warlord Earl Ragnar captured Uhtred and raised him in a Danish camp alongside fellow captive Brida, a sharp-tongued girl. Years later, Uhtred is a valiant warrior who is dealt another tragic blow when his home is deliberately set on fire, killing his surrogate family, including Ragnar. Now exiled -- alone except for Brida by his side -- he vows to avenge Ragnar's death and reclaim his homeland. But, he must choose between his birth country and the people who raised him. If he is going to help birth a new nation and ultimately recapture his ancestral land he must walk dangerous path between both sides.",History,91,positive,,95,positive,Unknown,Unknown,"Gareth Neame, Nigel Marchant, Stephen Butchard","Alexander Dreymon, Emily Cox, Timothy Innes, Millie Brady, Adrian Schiller"
The Blacklist,"For decades, ex-government agent Raymond ""Red"" Reddington has been one of the globe's most wanted fugitives. But then he agreed to work with the FBI to catch his ""blacklist"" of mobsters, spies and international terrorists -- on the condition that he must work with profiler Elizabeth Keen. Red's true intentions -- choosing Liz, a woman with whom he seemingly has no connection -- are unclear. Does Liz have secrets of her own? Red promises to teach Liz to think like a criminal ""to see the bigger picture,"" whether she wants to or not.",Crime,91,positive,,78,positive,Latest Episode: Apr 30,Jon Bokenkamp,"Jon Bokenkamp, John Eisendrath, John Davis, John Fox, James Spader, Lukas Reiter, J.R. Orci, Laura A. Benson","James Spader, Diego Klattenhoff, Hisham Tawfiq, Harry Lennix, Laura Sohn"
Narcos: Mexico,Unknown,Unknown,90,positive,Unknown,79,positive,Unknown,Unknown,Unknown,Unknown
The Sinner,"Detective Harry Ambrose investigates a chilling new homicide each season. He employs some unusual tactics and a deep capacity for empathy to solve his cases. His boundless dedication is driven by his dark past, leading him into powerful and often dangerously intimate bonds with his suspects. ""The Sinner"" is a blend of a thrilling murder investigation and raw character drama, creating an electrifying ride with standout performances. The series was originally adapted from the novel of the same name by Petra Hammesfahr; however, the book's darker outlook was toned down, and the location was shifted from Germany to Upstate New York.",Crime,90,positive,,73,positive,Unknown,Unknown,"Derek Simonds, Jessica Biel, Charlie Gogolak, Michelle Purple, Adam Bernstein, Nina Braddock","Bill Pullman, Jessica Hecht, Frances Fisher, Alice Kremelberg, Neal Huff"
Outlander,"After serving as a British Army nurse in World War II, Claire Randall is enjoying a second honeymoon in Scotland with husband Frank, an MI6 officer looking forward to a new career as an Oxford historian. Suddenly, Claire is transported to 1743 and into a mysterious world where her freedom and life are threatened. To survive, she marries Jamie Fraser, a strapping Scots warrior with a complicated past and a disarming sense of humor. A passionate relationship ensues, and Claire is caught between two vastly different men in two inharmonious lives. ""Outlander"" is adapted from the best-selling books by Diana Gabaldon.",Drama,89,positive,,87,positive,Unknown,Ronald D. Moore,Ronald D. Moore,"Caitriona Balfe, Sam Heughan, Sophie Skelton, Richard Rankin, Duncan Lacroix"
How to Get Away With Murder,"Annalise Keating (Oscar- and Tony-winning actress Viola Davis), a brilliant, charismatic and seductive professor of defense law, teaches a class called How to Get Away With Murder. Annalise, also a criminal defense attorney, selects a group of students -- the best and the brightest -- to assist with cases at her firm alongside her employees, the trustworthy and discreet Frank Delfino (Charlie Weber) and Bonnie Winterbottom (""Gilmore Girls"" alum Liza Weil), an associate attorney. Mysteries arise that test everyone's limits and reveal dark truths.",Drama,89,positive,,85,positive,Unknown,Unknown,"Peter Nowalk, Shonda Rhimes, Betsy Beers, Stephen Cragg","Viola Davis, Billy Brown, Jack Falahee, Aja Naomi King,"
Wellmania,"When a health crisis forces Liv to rethink her ""live fast, die young"" attitude, she jumps into a wellness journey to get better, even if it kills her.",Comedy,89,positive,,83,positive,Latest Episode: Mar 29,"Brigid Delaney,","Celeste Barber, Warren Clarke","Celeste Barber, J. J. Fong, Genevieve Mooy, Lachlan Buchanan, Remy Hii"
The Flash,"At 11, Barry Allen's life changed completely when his mother died in a freak accident and his innocent father was convicted of her murder. Now a crime-scene investigator, his dedication to learn the truth about his mother's death drives him to follow up on every new scientific advancement and urban legend. When his latest obsession -- a particle accelerator heralded as a world-changing invention -- causes an explosion, it creates a freak storm and Barry is struck by lightning. He awakes from a coma nine months later with the power of superspeed. When he learns that others who have gained powers use them for evil, he dedicates himself to protecting the innocent, while still trying to solve the older mystery.",Drama,89,positive,,61,positive,Latest Episode: Apr 26,Unknown,"Greg Berlanti, Sarah Schechter, Eric Wallace, Sam Chalsen, Jonathan Butler","Grant Gustin, Candice Patton, Danielle Panabaker, Danielle Nicolet, Kayla Compton"
Community,"When fast-talking lawyer Jeff Winger (Joel McHale) finds his degree has been revoked, he is forced to go back to school at Greendale Community College. Hoping to score points with a pretty coed, he invents a study group and invites her to join it. Imagine his surprise when she's not the only one who shows up for help with Spanish from the ""board-certified tutor"" he proclaims himself to be. Though his command of the language is anything but good, the members continue to meet and end up learning a lot about themselves.",Comedy,88,positive,"Despite cast and broadcast changes, Community manages to remain at the top of its quirky class.",88,positive,Unknown,Unknown,"Russ Krasnoff, Dan Harmon, Joe Russo, Anthony Russo, Gary Foster, Chris McKenna","Joel McHale, Gillian Jacobs, Danny Pudi, Alison Brie, Ken Jeong"
Dead to Me,"Jen's husband recently died in a hit-and-run, and the sardonic widow is determined to solve the crime. Optimistic free spirit Judy has recently suffered a tragic loss of her own. The ladies meet at a support group and, despite their polar-opposite personalities, become unlikely friends. As the women bond over bottles of wine and a shared affinity for ""The Facts of Life,"" Judy tries to shield Jen from a shocking secret that could destroy her life as she knows it. The dark comedy -- which explores the weirdly funny sides of grief, loss and forgiveness -- features a cast that includes TV veterans Christina Applegate and Ed Asner.",Comedy,88,positive,"Dead to Me's final season has some diminishing returns as the twists begin to feel overplayed, but Christina Applegate and Linda Cardellini remain a compelling duo who viewers will want to stick with to the bitter end.",84,positive,Unknown,Liz Feldman,"Liz Feldman, Jessica Elbaum, Christie Smith, Christina Applegate, Adam McKay, Will Ferrell","Christina Applegate, Linda Cardellini, James Marsden, Max Jenkins, Sam McCarthy"
The Diplomat,"Amid an international crisis, a career diplomat juggles her new high-profile job as ambassador to the United Kingdom and her turbulent marriage to a political star.",Drama,88,positive,"Keri Russell's scrappy performance negotiates the best possible terms for The Diplomat, a soapy take on statecraft that manages to make geopolitical crises highly bingeable entertainment.",83,positive,Latest Episode: Apr 20,Debora Cahn,"Debora Cahn, Janice Williams, Keri Russell, Simon Cellan Jones","Keri Russell, Rufus Sewell, David Gyasi, Ali Ahn, Rory Kinnear"
All of Us Are Dead,Trapped students must escape their high school which has become ground zero for a zombie virus outbreak.,Horror,88,positive,"While All of Us Are Dead loses some of its bite with an overlong season, its emotional grounding puts plenty of meat on the bone.",79,positive,Unknown,Unknown,,"Park Ji-hu, Yoon Chan-Young, Jo Yi-hyun, Lomon, Yoo In-soo"
Lucifer,"Based on characters created by Neil Gaiman, Sam Kieth and Mike Dringenberg, this series follows Lucifer, the original fallen angel, who has become dissatisfied with his life in hell. After abandoning his throne and retiring to Los Angeles, Lucifer indulges in his favorite things (women, wine and song) -- until a murder takes place outside of his upscale nightclub. For the first time in billions of years, the murder awakens something unfamiliar in Lucifer's soul that is eerily similar to compassion and sympathy. Lucifer is faced with another surprise when he meets an intriguing homicide detective named Chloe, who appears to possess an inherent goodness -- unlike the worst of humanity, to which he is accustomed. Suddenly, Lucifer starts to wonder if there is hope for his soul.",Crime,88,positive,"A well-plotted coda that gives its devilishly delightful cast plenty to do, Lucifer's final-final season is a fitting farewell to the prince of darkness and his many friends.",73,positive,Unknown,Tom Kapinos,,"Tom Ellis, Lauren German, DB Woodside, Kevin Alejandro, Lesley-Ann Brandt"
The Haunting of Bly Manor,Unknown,Unknown,88,positive,Unknown,66,positive,Unknown,Unknown,Unknown,Unknown
The Sandman,"When the Sandman, aka Dream, the cosmic being who controls all dreams, is captured and held prisoner for more than a century, he must journey across different worlds and timelines to fix the chaos his absence has caused.",Drama,87,positive,"While it may hold few surprises for fans of the source material, The Sandman's first season satisfyingly adapts an allegedly unfilmable classic.",80,positive,Unknown,Unknown,"Allan Heinberg, David S. Goyer, Neil Gaiman, Mike Barker","Tom Sturridge, Gwendoline Christie, Vivienne Acheampong, Boyd Holbrook, Charles Dance"
The Midnight Club,"At a manor with a mysterious history, eight members of the Midnight Club meet each night at midnight to tell sinister stories -- and to look for signs of the supernatural from the beyond.",Drama,87,positive,"Mike Flanagan's hot streak of heartfelt horror stories continues strong in The Midnight Club, a tale of terminal teenagers told with jolts and joie de vivre.",55,negative,Unknown,"Mike Flanagan,","Mike Flanagan, Trevor Macy, Leah Fong, Julia Bicknell, Christopher Pike","Iman Benson, Igby Rigney, Ruth Codd, Annarah Shephard, William Chris Sumpter"
The Crown,"Based on an award-winning play (""The Audience"") by showrunner Peter Morgan, this lavish, Netflix-original drama chronicles the life of Queen Elizabeth II from the 1940s to modern times. The series begins with an inside look at the early reign of the queen, who ascended the throne at age 25 after the death of her father, King George VI. As the decades pass, personal intrigues, romances, and political rivalries are revealed that played a big role in events that shaped the later years of the 20th century.",Drama,86,positive,"In its fifth season, it's hard to shake the feeling that this series has lost some of its luster -- but addictive drama and a sterling cast remain The Crown's jewels.",90,positive,Unknown,Peter Morgan,"Peter Morgan, Suzanne Mackie, Andy Harries, Stephen Daldry, Matthew Byam-Shaw, Robert Fox","Imelda Staunton, Jonathan Pryce, Lesley Manville, Dominic West, Elizabeth Debicki"
The Umbrella Academy,"On one day in 1989, 43 infants are inexplicably born to random, unconnected women who showed no signs of pregnancy the day before. Seven are adopted by billionaire industrialist Sir Reginald Hargreeves, who creates the Umbrella Academy and prepares his ""children"" to save the world. In their teenage years, though, the family fractures and the team disbands. Fast forward to the present time, when the six surviving members of the clan reunite upon the news of Hargreeves' passing. They work together to solve a mystery surrounding their father's death, but divergent personalities and abilities again pull the estranged family apart, and a global apocalypse is another imminent threat. The series is based on a collection of comics and graphic novels created and written by My Chemical Romance lead singer Gerard Way.",Action,86,positive,"The Umbrella Academy unfurls a bit beyond a manageable scope in this overstuffed season, but there remains all the gonzo creativity and resonant character relationships that fans enroll for. ",76,positive,Unknown,Unknown,"Steve Blackman, Jeff King, Keith Goldberg, Mike Richardson, Gerard Way","Elliot Page, Tom Hopper, David Castañeda, Emmy Raver-Lampman, Robert Sheehan"
Maniac,"Annie Landsberg and Owen Milgrim are two strangers who are drawn to the late stages of a mysterious pharmaceutical trial. Each has a different reason for participating in the experiment -- she is disaffected and aimless, fixated on broken relationships with her mother and sister, while he has struggled throughout his life with a disputed diagnosis of schizophrenia. The radical treatment, using pills that the inventor claims can repair anything about the mind, draws Annie, Owen and 10 other subjects into a three-day drug trial that they're told will permanently solve all of their problems, with no complications or side effects. Unfortunately, things don't go as planned.",Comedy,85,positive,"Maniac enthralls with its dazzling visuals, adventurous narrative, and striking performances from both Emma Stone and Jonah Hill.",84,positive,Unknown,Patrick Somerville,,"Emma Stone, Jonah Hill, Justin Theroux, Sonoya Mizuno, Gabriel Byrne"
"Love, Death + Robots",Unknown,Unknown,85,positive,Unknown,80,positive,Unknown,Unknown,Unknown,Unknown
Black Mirror,"Featuring stand-alone dramas -- sharp, suspenseful, satirical tales that explore techno-paranoia -- ""Black Mirror"" is a contemporary reworking of ""The Twilight Zone"" with stories that tap into the collective unease about the modern world. Each story features its own cast of unique characters, including stars like Bryce Dallas Howard (""The Help""), Alice Eve, Gugu Mbatha-Raw, Tom Cullen and Jerome Flynn (""Game of Thrones""). Joe Wright, Dan Trachtenberg, and James Watkins are among the featured directors.",Sci fi,84,positive,"Though Black Mirror's abbreviated fifth season never quite reaches the heights (or surprises) of previous installments, it remains one of TVs strangest philosophical offerings -- for better or worse.",84,positive,Unknown,Charlie Brooker,"Annabel Jones, Charlie Brooker",
Grey's Anatomy,Unknown,Unknown,84,positive,Unknown,75,positive,Latest Episode: Apr 20,Unknown,Unknown,Unknown
The Glory,"Years after surviving horrific abuse in high school, a woman puts an elaborate revenge scheme in motion to make the perpetrators pay for their crimes.",Drama,83,positive,,95,positive,Latest Episode: Mar 10,Unknown,,"Song Hye-kyo, Lee Do-hyeon, Lim Ji-yeon, Park Sung-hoon, Yeom Hye-ran"
Shadow and Bone,Sinister forces plot against a young soldier after she reveals a magical power that may unite her world.,Drama,83,positive,"Shadow and Bone's sophomore season packs in too much story sinew to properly breathe, but this adventure remains great fun for fantasy fans.",84,positive,Latest Episode: Mar 16,Unknown,"Eric Heisserer, Shawn Levy, Dan Levine, Josh Barry, Pouya Shahbazian, Lee Toland Krieger, Leigh Bardugo, Dan Cohen","Jessie Mei Li, Archie Renaux, Ben Barnes, Freddy Carter, Amita Suman"
Ozark,"Created by Bill Dubuque (""The Accountant,"" ""The Judge""), this drama series stars Jason Bateman as Marty Byrde, a financial planner who relocates his family from Chicago to a summer resort community in the Ozarks. With wife Wendy and their two kids in tow, Marty is on the move after a money-laundering scheme goes wrong, forcing him to pay off a substantial debt to a Mexican drug lord in order to keep his family safe. While the Byrdes' fate hangs in the balance, the dire circumstances force the fractured family to reconnect.",Drama,82,positive,"Ozark hasn't gotten out clean just yet, but its mesmeric performances and taut suspense signal that the Byrde clan are as entertainingly resourceful as ever.",85,positive,Unknown,Unknown,"Jason Bateman, Chris Mundy, Bill Dubuque, Mark Williams, John Shiban","Jason Bateman, Laura Linney, Sofia Hublitz, Skylar Gaertner, Julia Garner"
Shameless,"Oscar-nominated actor William H. Macy stars as Frank Gallagher, a single father of six who spends much of his free time drinking at bars. The Gallagher children -- led by oldest daughter Fiona (Emmy Rossum), who takes on much of the child-rearing responsibility due to her mother's absence -- manage to raise themselves in spite of Frank's lack of parenting and unusual parenting style when he does choose to act like a father. The drama is an adaptation of the BAFTA Award-winning British show of the same name.",Comedy,82,positive,,82,positive,Unknown,Paul Abbott,John Wells,"William H. Macy, Jeremy Allen White, Cameron Monaghan, Emma Kenney, Ethan Cutkosky"
Bridgerton,"Bridgerton follows Daphne Bridgerton (Phoebe Dynevor), the eldest daughter of the powerful Bridgerton family as she makes her debut onto Regency London’s competitive marriage market. Hoping to follow in her parent’s footsteps and find a match sparked by true love, Daphne’s prospects initially seem to be unrivaled. But as her older brother begins to rule out her potential suitors, the high society scandal sheet written by the mysterious Lady Whistledown casts aspersions on Daphne. Enter the highly desirable and rebellious Duke of Hastings (Regé-Jean Page), committed bachelor and the catch of the season for the debutantes’ mamas. Despite proclaiming that they want nothing the other has to offer, their attraction is undeniable and sparks fly as they find themselves engaged in an increasing battle of wits while navigating society’s expectations for their future.",Drama,82,positive,"The risqué thrill may have faded, but Bridgerton remains a compulsive episode-turner in this delightful sophomore season.",74,positive,Unknown,Unknown,"Chris Van Dusen, Shonda Rhimes, Betsy Beers, Julie Anne Robinson","Julie Andrews, Jonathan Bailey, Ruby Barker, Harriet Cains, Bessie Carter"
Virgin River,"Seeking a fresh start, a nurse practitioner moves from Los Angeles to a remote Northern California town and is surprised by what -- and who -- she finds.",Drama,82,positive,,60,positive,Unknown,Unknown,"Sue Tenney, Roma Roth, Chris Perry","Alexandra Breckenridge, Martin Henderson, Tim Matheson, Annette O'Toole, Colin Lawrence"
The Witcher,"The witcher Geralt, a mutated monster hunter, struggles to find his place in a world in which people often prove more wicked than beasts.",Drama,81,positive,,74,positive,Unknown,Unknown,"Lauren Schmidt Hissrich, Tomek Baginski, Jarek Sawko, Jason F. Brown, Sean Daniel, Piotr Sikora","Henry Cavill, Anya Chalotra, Freya Allan, Joey Batey, Eamon Farren"
Waco: American Apocalypse,Unknown,Unknown,81,positive,Unknown,65,positive,Latest Episode: Mar 22,Unknown,Unknown,Unknown
Riverdale,"Archie Andrews starts the school year with the world weighing on his shoulders. He's decided he wants to pursue a future in the music business, but his recently ended clandestine relationship with the music teacher has left him without a mentor, and his friendship with Jughead Jones is in a bad place. Things look like they might be turning around when Veronica Lodge, a new girl, arrives. Despite the instant chemistry, Veronica is hesitant to risk a friendship with Betty -- who has a crush on Archie -- to pursue anything. Amidst all the small-town banality lurks a mystery: the recent tragic death of Jason Blossom, the twin brother of beautiful and popular troublemaker, Cheryl.",Drama,81,positive,,50,negative,Latest Episode: Apr 26,Unknown,"Roberto Aguirre-Sacasa, Greg Berlanti, Sarah Schechter, Jon Goldwater","K.J. Apa, Lili Reinhart, Camila Mendes, Cole Sprouse, Madelaine Petsch"
Welcome to Eden,"Zoa and four other young people are invited to an exclusive party on a secret island, sponsored by a new drink; however, the supposed paradise they find waiting for them is anything but.",Mystery thriller,80,positive,,69,positive,Latest Episode: Apr 21,Unknown,,"Amaia Salamanca, Begoña Vargas, Berta Vázquez, Ana Wagener"
The Walking Dead,"Based on the comic book series written by Robert Kirkman, this gritty drama portrays life in the months and years that follow a zombie apocalypse. A group of survivors travel in search of safety and security, constantly on the move in search of a secure home. But the pressure each day to stay alive sends many in the group to the deepest depths of human cruelty, and they soon discover that the overwhelming fear of the survivors can be more deadly than the zombies walking among them. At times, the interpersonal conflicts present a greater threat to their continuing survival than the walkers that roam the country.",Drama,79,positive,"While the sense of finality is diminished by the promise of even more spinoffs, The Walking Dead's eleventh season is a solid enough conclusion to an epic tale of zombies that never had a clear offramp to begin with.",77,positive,Unknown,Unknown,"Frank Darabont, Robert Kirkman, Gale Anne Hurd, David Alpert, Greg Nicotero, Tom Luse, Scott M. Gimple","Norman Reedus, Melissa McBride, Lauren Cohan, Josh McDermitt, Christian Serratos"
1899,Immigrants on a steamship traveling from London to New York get caught up in a mysterious riddle after finding a second vessel adrift on the open sea.,Drama,76,positive,"1899 navigates its multicultural passengers through an atmospheric mystery and delivers a suspenseful journey, even if it may never reach a satisfying destination.",75,positive,Unknown,"Jantje Friese,",,"Emily Beecham, Aneurin Barnard, Andreas Pietschmann, Miguel Bernardeau, Maciej Musiał"
Arrested Development,"Michael Bluth finds himself forced to stay in Orange County and run the family real estate business after his father, George Bluth Sr., is sent to prison for committing white-collar crime. He tries to juggle the wants and needs of his spoiled and eccentric family while being a good role model for his teenage son, George Michael.",Comedy,75,positive,"Arrested Development finds itself back in familiar form, recapturing much of the cast's chemistry and comedic brilliance -- though it still doesn't quite live up to its own past.",85,positive,Unknown,Mitchell Hurwitz,"Ron Howard, Brian Grazer, David Nevins, Mitchell Hurwitz","Jason Bateman, Portia de Rossi, Will Arnett, Michael Cera, Alia Shawkat"
The Night Agent,"Based on the novel by Matthew Quirk, The Night Agent is a sophisticated, character-based, action-thriller centering on a low level FBI Agent who works in the basement of the White House, manning a phone that never rings -- until the night that it does, propelling him into a fast-moving and dangerous conspiracy that ultimately leads all the way to the Oval Office.",Drama,75,positive,"Bingeable as a beach read and just as forgettable, The Night Agent is a routine spy thriller told with commendable bravado.",76,positive,Latest Episode: Mar 23,Shawn Ryan,"Shawn Ryan, Marney Hochman, Seth Gordon, Julia Gunn, James Vanderbilt, William Sherak, Paul Neinstein, David Beaubaire, Nicole Tossou","Gabriel Basso, Luciane Buchanan, Hong Chau, Sarah Desjardins, Fola Evans-Akingbola"
Wednesday,"While attending Nevermore Academy, Wednesday Addams attempts to master her emerging psychic ability, thwart a killing spree and solve the mystery that embroiled her parents 25 years ago.",Mystery thriller,71,positive,"Wednesday isn't exactly full of woe for viewers, but without Jenna Ortega in the lead, this Addams Family-adjacent series might as well be another CW drama.",86,positive,Unknown,"Alfred Gough,","Tim Burton, Alfred Gough, Miles Millar, Kayla Alpert, Steve Stark, Andrew Mittman, Kevin Miserocchi, Jonathan Glickman, Gail Berman, Tommy Harper, Kevin Lafferty","Jenna Ortega, Gwendoline Christie, Riki Lindhome, Christina Ricci, Jamie McShane"
Outer Banks,A teenager enlists his three best friends to hunt for a legendary treasure linked to his father's disappearance.,Drama,70,positive,,74,positive,Latest Episode: Feb 23,"Shannon Burke,",,"Chase Stokes, Madelyn Cline, Madison Bailey, Jonathan Daviss, Rudy Pankow"
The Recruit,A fledgling CIA lawyer gets caught up in a dangerous game of international politics when a former asset threatens to expose the nature of her relationship with the agency unless they clear her name.,Crime,69,positive,"The Recruit may not be the freshest chip off the old block, but it employs Noah Centineo's considerable charms to highly watchable effect.",85,positive,Unknown,Alexi Hawley,"Noah Centineo, Alexi Hawley, Doug Liman, Gene Klein, David Bartis, Adam Ciralsky, Charles Ebersol","Noah Centineo, Laura Haddock, Aarti Mann, Colton Dunn, Fivel Stewart"
Treason,An MI6 deputy's bright future takes a sharp turn after a reunion with a Russian spy forces him to question his entire life.,Drama,69,positive,Treason may take itself too seriously but could deliver thrills to fans of the double-crossing espionage genre.,40,negative,Unknown,Unknown,"Matt Charman, Foz Allan, Valery Ryan","Charlie Cox, Oona Chaplin, Olga Kurylenko, Ciarán Hinds, Beau Gadsdon"
Unstable,An introverted man must save his eccentric biotech entrepreneur father -- and his company -- from disaster.,Comedy,67,positive,"Unstable is a little wobbly as it veers between sincere family affair and scathing satire, but Rob Lowe's reliable comedic chops provide the necessary ballast.",81,positive,Latest Episode: Mar 30,"Rob Lowe,","Rob Lowe, John Owen Lowe, Victor Fresco, Marc Buckland","Rob Lowe, John Owen Lowe, Sian Clifford, Rachel Marsh, Emma Ferreira"
Firefly Lane,Tully and Kate meet as young girls on Firefly Lane and become inseparable friends throughout 30 years of ups and downs.,Drama,65,positive,,80,positive,Latest Episode: Apr 27,Unknown,"Stephanie Germain, Katherine Heigl, Shawn Williamson, Lee Rose, Maggie Friedman, Michael Spiller","Katherine Heigl, Sarah Chalke, Ben Lawson, Beau Garrett, Ali Skovbye"
Inside Man,A prisoner on death row in the U.S. and a woman trapped in a cellar under an English vicarage cross paths in an unexpected way.,Drama,65,positive,"Inside Man's ambitions are undercut by clunky and predictable plotting, although Stanley Tucci and David Tennant's performances are welcome compensations for viewers who enjoy twisty thrillers.",46,negative,Unknown,Unknown,"Sue Vertue, Ben Irving","David Tennant, Stanley Tucci, Dolly Wells, Lydia West, Lyndsey Marshal"
Ginny & Georgia,Unknown,Unknown,64,positive,Unknown,75,positive,Unknown,Unknown,Unknown,Unknown
The Watcher,"A family moves into their dream home, only to be plagued by ominous letters, strange neighbors and sinister threats.",Drama,56,negative,"This suburban nightmare sometimes achieves the campy fright of creator Ryan Murphy's best horror fare, but it sprawls in too many ludicrous directions to satisfy. ",35,negative,Unknown,"Ryan Murphy,","Ryan Murphy, Ian Brennan, Henry Joost, Ariel Schulman, Eric Newman, Bryan Unkeless, Alexis Martin Woodall, Eric Kovtun, Paris Barclay, Naomi Watts, Scoop Wasserstein","Naomi Watts, Bobby Cannavale, Jennifer Coolidge, Mia Farrow, Terry Kinney"
Kaleidoscope,"A master thief and his crew attempt an epic heist worth $7 billion, but betrayal, greed and other threats undermine their plans.",Crime,49,negative,"While Kaleidoscope's interactive storytelling offers some flashy novelty, its color-coded story strands are unfortunately all in service to a disappointingly pedestrian plot.",45,negative,Unknown,Eric Garcia,"Ridley Scott, Clayton Krueger, Jordan Sheehan, David W. Zucker, Eric Garcia, Fred Berger, Brian Kavanaugh-Jones, Justin Levy, Russell Fine","Giancarlo Esposito, Paz Vega, Rufus Sewell, Tati Gabrielle, Peter Mark Kendall"
13 Reasons Why,"Newcomer Katherine Langford plays the role of Hannah, a young woman who takes her own life. Two weeks after her tragic death, a classmate named Clay finds a mysterious box on his porch. Inside the box are recordings made by Hannah --- on whom Clay had a crush --- in which she explains the 13 reasons why she chose to commit suicide. If Clay decides to listen to the recordings, he will find out if and how he made the list. This intricate and heart-wrenching tale is told through Clay and Hannah's dual narratives.",Drama,35,negative,13 Reasons Why closes with a chaotic final chapter that betrays what little dignity remained in the tragic lives of its central teens.,56,negative,Unknown,Brian Yorkey,"Selena Gomez, Joy Gorman, Kristel Laiblin, Mandy Teefey, Brian Yorkey","Dylan Minnette, Christian Navarro, Alisha Boe, Amy Hargreaves, Brandon Flynn"
The Witcher: Blood Origin,Unknown,Unknown,30,negative,Unknown,13,negative,Unknown,Unknown,Unknown,Unknown
Obsession,Unknown,Unknown,29,negative,Unknown,24,negative,Latest Episode: Apr 13,Unknown,Unknown,Unknown
Florida Man,"A disgraced cop is forced to return to his home state of Florida for a shady mission, only to get swept up in a treasure hunt.",Crime,22,negative,,82,positive,Latest Episode: Apr 13,Donald Todd,"Donald Todd, Jason Bateman, Michael Costigan, Miguel Arteta","Edgar Ramírez, Abbey Lee, Anthony LaPaglia, Otmara Marrero, Lex Scott Davis"
Sex/Life,Unknown,Unknown,21,negative,Unknown,46,negative,Latest Episode: Mar 02,Unknown,Unknown,Unknown
Saint Seiya: Knights of the Zodiac,Unknown,Unknown,20,negative,Unknown,49,negative,Unknown,Unknown,Unknown,Unknown
Avatar: The Last Airbender,Unknown,Unknown,100,positive,Unknown,98,positive,Unknown,Unknown,Unknown,Unknown
Arcane: League of Legends,Unknown,Unknown,100,positive,Unknown,96,positive,Unknown,Unknown,Unknown,Unknown
Heartstopper,Teens Charlie and Nick discover their unlikely friendship might be something more as they navigate school and young love.,Drama,100,positive,"An inclusive romance told with striking sensitivity, Heartstopper is so effortlessly charming that viewers won't dare skip a beat.",96,positive,Unknown,Alice Oseman,"Iain Canning, Nicky Earnshaw, Hakan Kousetta, Jamie Laurenson, Zorana Piggott, Dylan Rees, Emile Sherman, Patrick Walters","Kit Connor, Joe Locke, William Gao, Yasmin Finney, Corinna Brown"
Cyberpunk: Edgerunners,Unknown,Unknown,100,positive,Unknown,95,positive,Unknown,Unknown,Unknown,Unknown
Mo,"Mo Najjar straddles the line between two cultures, three languages and a ton of foolishness as a Palestinian refugee constantly living one step away from asylum on the path to U.S. citizenship.",Comedy,100,positive,"Frequently hilarious while possessing an absorbing sense of place, Mo is a thoughtful depiction of the immigrant experience that is light on its feet.",89,positive,Unknown,"Mo Amer,","Mo Amer, Ramy Youssef, Ravi Nandan, Hallie Sekoff, Harris Danow, Luvh Rakhe","Mo Amer, Teresa Ruiz, Farah Bsieso, Omar Elba, Tobe Nwigwe"
Queenmaker,"After a crisis of conscience, a powerful fixer uses her skills to boost a civil rights lawyer's mayoral campaign and take down her former employer.",Drama,100,positive,,89,positive,Latest Episode: Apr 14,Unknown,,"Kim Hee-ae, Moon So-ri, Ryu Soo-young, Kim Tae-hun, Jin Kyeong"
Fauda,"After retiring from the Israel Defense Force, Doron is working on a vineyard. He gets roped back into active duty, though, upon learning that an enemy who Doron thought his unit had killed is still alive and plans on attending his brother's wedding. Doron rejoins the IDF team with the intention of going under cover at the wedding, but the plan goes awry when the team's cover is blown. That sets into motion a chaotic chain of events and leads IDF into a manhunt to locate and kill the squad's target.",Crime,100,positive,,87,positive,Unknown,"Lior Raz,",Keren Gleicher,"Lior Raz, Itzik Cohen, Doron Ben-David, Boaz Konforty, Rona-Lee Shim'on"
War Sailor,"Two merchant sailors are in the middle of the Atlantic Ocean when World War II breaks out; the men struggle for survival in a spiral of violence and death, and their foremost goal is to survive and return home.",History,100,positive,,85,positive,Latest Episode: Apr 02,Unknown,,"Kristoffer Joner, Pål Sverre Hagen, Ine Marie Wilmann, Henrikke Lund Olsen, Téa Grønner Joner"
Cunk on Earth,"In this mockumentary, Philomena Cunk traces the history of civilization.",Comedy,100,positive,"Diane Morgan feigns dopiness with ingenious comedic timing in Cunk on Earth, a gut-busting sendup of anthropological documentaries.",85,positive,Unknown,Unknown,,Diane Morgan
Blood of Zeus,"Chronicles the illegitimate son of Zeus, a young man tasked with saving heaven and earth despite the interference of a vengeful goddess and her monstrous forces.",Adventure,100,positive,"Blood of Zeus reforges Greek mythology into an epic battle royale with slick animation and sterling voice acting, earning it a spot on the Mount Olympus of action animation.",83,positive,Unknown,"Charles Parlapanides,","Charles Parlapanides, Vlas Parlapanides","Derek Phillips, Jason O'Mara, Mamie Gummer, Chris Diamantopoulos, Jessica Henwick"
The Dragon Prince,"In the magical land of Xadia, magic comes from six primal sources: the sun, moon, stars, sky, earth and ocean. When human mages create a seventh kind of magic -- dark magic -- they start capturing and harvesting the unique magical creatures they need as ingredients, which sparks a war between Xadia and the Human Kingdoms. Three kids from opposite sides of the conflict -- two princes and an elven assassin sent to kill them -- discover a secret that could change everything and decide to join forces and go on an epic journey. That trek could be their only hope of ending the war and restoring peace to both worlds.",Adventure,100,positive,,83,positive,Unknown,Unknown,,"Jack De Sena, Paula Burrows, Sasha Rojen"
The Baby-Sitters Club,Unknown,Unknown,100,positive,Unknown,81,positive,Unknown,Unknown,Unknown,Unknown
Katla,The catastrophic eruption of sub-glacial volcano Katla turns a nearby community's world upside down as mysteries begin to emerge from the ice.,Mystery thriller,100,positive,,80,positive,Unknown,"Sigurjón Kjartansson,","Sigurjón Kjartansson, Baltasar Kormákur","Guðrún Ýr Eyfjörð, Aliette Opheim, Björn Thors, Guðrún Gísladóttir, Ingvar Sigurðsson"
The Snow Girl,"When a little girl goes missing during a parade in Málaga, a young newspaper journalist becomes fiercely determined to help Amaya's parents find her.",Crime,100,positive,,73,positive,Unknown,Unknown,,"Milena Smit, José Coronado, Tristán Ulloa, Loreto Mauleón, Aixa Villagrán"
The Order,"When Belgrave University student Jack Morton joins a fabled secret society, the Hermetic Order of the Blue Rose, he is thrust into a world of magic, monsters and intrigue. Out to avenge his mother's death, he uncovers dark family secrets and lands in an underground battle being waged between werewolves and practitioners of dark magic. Assisting Jack in the fight is Alyssa, a tour guide at Belgrave and fellow member of the Order, which is led by Jack's estranged father.",Drama,100,positive,,71,positive,Unknown,Dennis Heaton,"Shelley Eriksen, Chad Oakes, Mike Frislev, Dennis Heaton, David Von Ancken","Jake Manley, Kayla Heller, Sarah Grey, Matt Frewer, Sam Trammell"
Dash & Lily,Unknown,Unknown,100,positive,Unknown,70,positive,Unknown,Unknown,Unknown,Unknown
Red Rose,Teens must survive a summer of terror after downloading a mysterious app called Red Rose. that makes dangerous demands with deadly consequences.,Drama,100,positive,"Grappling intelligently with an array of timely themes, Red Rose is the rare tech-driven thriller that seems to truly understand the terror of the digital age.",56,negative,Unknown,Unknown,"Joel Wilson, Michael Clarkson, Paul Clarkson, Polly Williams, Jamie Campbell, Carissa Hope Lynch","Amelia Clarkson, Isis Hainsworth, Natalie Blair, Ellis Howard, Ali Khan"
